idx,url,lon,lat
1,/samorzad2024/pl/obkw/1248767?elections=wbp&region=1,19.947614,50.0504279
2,/samorzad2024/pl/obkw/1248768?elections=wbp&region=1,19.94466694069311,50.053556021327864
3,/samorzad2024/pl/obkw/1248769?elections=wbp&region=1,19.947484,50.053581
4,/samorzad2024/pl/obkw/1248770?elections=wbp&region=1,19.941964,50.046134
5,/samorzad2024/pl/obkw/1248771?elections=wbp&region=1,19.9396813,50.0478771
6,/samorzad2024/pl/obkw/1248772?elections=wbp&region=1,19.93629735891534,50.052823694447426
7,/samorzad2024/pl/obkw/1248773?elections=wbp&region=1,19.94435,50.055849
8,/samorzad2024/pl/obkw/1248774?elections=wbp&region=1,19.94552801360635,50.05785778167558
9,/samorzad2024/pl/obkw/1248775?elections=wbp&region=1,19.94506,50.062341
10,/samorzad2024/pl/obkw/1248776?elections=wbp&region=1,19.94506,50.062341
11,/samorzad2024/pl/obkw/1248777?elections=wbp&region=1,19.9333857,50.0571768
12,/samorzad2024/pl/obkw/1248778?elections=wbp&region=1,19.931929549170633,50.05932515955499
13,/samorzad2024/pl/obkw/1248779?elections=wbp&region=1,19.924502428585896,50.06148655901731
14,/samorzad2024/pl/obkw/1248780?elections=wbp&region=1,19.930708,50.0616429
15,/samorzad2024/pl/obkw/1248781?elections=wbp&region=1,19.92929184806036,50.06364691074177
16,/samorzad2024/pl/obkw/1248782?elections=wbp&region=1,19.934860281615926,50.065929554433524
17,/samorzad2024/pl/obkw/1248783?elections=wbp&region=1,19.9314595,50.0683347
18,/samorzad2024/pl/obkw/1248784?elections=wbp&region=1,19.9314595,50.0683347
19,/samorzad2024/pl/obkw/1248785?elections=wbp&region=1,19.937714990199424,50.067728855678695
20,/samorzad2024/pl/obkw/1248786?elections=wbp&region=1,19.933894,50.072764
21,/samorzad2024/pl/obkw/1248787?elections=wbp&region=1,19.9398068,50.0694179
22,/samorzad2024/pl/obkw/1248788?elections=wbp&region=1,19.941526325392317,50.06735204722142
23,/samorzad2024/pl/obkw/1248789?elections=wbp&region=1,19.9554659,50.0817045
24,/samorzad2024/pl/obkw/1248790?elections=wbp&region=1,19.962381,50.07356
25,/samorzad2024/pl/obkw/1248791?elections=wbp&region=1,19.962381,50.07356
26,/samorzad2024/pl/obkw/1248792?elections=wbp&region=1,19.953087,50.06695
27,/samorzad2024/pl/obkw/1248793?elections=wbp&region=1,19.96778733095516,50.06805897693525
28,/samorzad2024/pl/obkw/1248794?elections=wbp&region=1,19.965611891805025,50.07198883223904
29,/samorzad2024/pl/obkw/1248795?elections=wbp&region=1,19.965574,50.06708
30,/samorzad2024/pl/obkw/1248796?elections=wbp&region=1,19.96544919906438,50.06321025549585
31,/samorzad2024/pl/obkw/1248797?elections=wbp&region=1,19.96544919906438,50.06321025549585
32,/samorzad2024/pl/obkw/1248798?elections=wbp&region=1,19.9637299,50.0633789
33,/samorzad2024/pl/obkw/1248799?elections=wbp&region=1,19.9637299,50.0633789
34,/samorzad2024/pl/obkw/1248800?elections=wbp&region=1,19.955432740950698,50.058643962283924
35,/samorzad2024/pl/obkw/1248801?elections=wbp&region=1,19.951404063008454,50.055607492130065
36,/samorzad2024/pl/obkw/1248802?elections=wbp&region=1,19.955432740950698,50.058643962283924
37,/samorzad2024/pl/obkw/1248803?elections=wbp&region=1,19.95689756234964,50.056687961358904
38,/samorzad2024/pl/obkw/1248804?elections=wbp&region=1,19.9819159,50.060028
39,/samorzad2024/pl/obkw/1248805?elections=wbp&region=1,19.9819159,50.060028
40,/samorzad2024/pl/obkw/1248806?elections=wbp&region=1,19.977386537928766,50.061881807661564
41,/samorzad2024/pl/obkw/1248807?elections=wbp&region=1,19.977386537928766,50.061881807661564
42,/samorzad2024/pl/obkw/1248808?elections=wbp&region=1,19.9848232,50.07383
43,/samorzad2024/pl/obkw/1248809?elections=wbp&region=1,19.9848232,50.07383
44,/samorzad2024/pl/obkw/1248810?elections=wbp&region=1,19.986426504322537,50.074553736520244
45,/samorzad2024/pl/obkw/1248811?elections=wbp&region=1,19.986426504322537,50.074553736520244
46,/samorzad2024/pl/obkw/1248812?elections=wbp&region=1,19.985953,50.079593
47,/samorzad2024/pl/obkw/1248813?elections=wbp&region=1,19.985953,50.079593
48,/samorzad2024/pl/obkw/1248814?elections=wbp&region=1,19.9735869,50.080015
49,/samorzad2024/pl/obkw/1248815?elections=wbp&region=1,19.9665148,50.0829329
50,/samorzad2024/pl/obkw/1248816?elections=wbp&region=1,19.9665148,50.0829329
51,/samorzad2024/pl/obkw/1248817?elections=wbp&region=1,19.9665148,50.0829329
52,/samorzad2024/pl/obkw/1248818?elections=wbp&region=1,19.97347,50.0829669
53,/samorzad2024/pl/obkw/1248819?elections=wbp&region=1,19.9744203,50.0819833
54,/samorzad2024/pl/obkw/1248820?elections=wbp&region=1,19.9744203,50.0819833
55,/samorzad2024/pl/obkw/1248821?elections=wbp&region=1,19.9744203,50.0819833
56,/samorzad2024/pl/obkw/1248822?elections=wbp&region=1,19.97134360483443,50.09180239406032
57,/samorzad2024/pl/obkw/1248823?elections=wbp&region=1,19.97134360483443,50.09180239406032
58,/samorzad2024/pl/obkw/1248824?elections=wbp&region=1,19.97134360483443,50.09180239406032
59,/samorzad2024/pl/obkw/1248825?elections=wbp&region=1,19.97134360483443,50.09180239406032
60,/samorzad2024/pl/obkw/1248826?elections=wbp&region=1,19.97134360483443,50.09180239406032
61,/samorzad2024/pl/obkw/1248827?elections=wbp&region=1,19.970591,50.0876189
62,/samorzad2024/pl/obkw/1248828?elections=wbp&region=1,19.966236,50.091531
63,/samorzad2024/pl/obkw/1248829?elections=wbp&region=1,19.966236,50.091531
64,/samorzad2024/pl/obkw/1248830?elections=wbp&region=1,19.95746753176556,50.08900212593795
65,/samorzad2024/pl/obkw/1248831?elections=wbp&region=1,19.9554659,50.0817045
66,/samorzad2024/pl/obkw/1248832?elections=wbp&region=1,19.9554659,50.0817045
67,/samorzad2024/pl/obkw/1248833?elections=wbp&region=1,19.9554659,50.0817045
68,/samorzad2024/pl/obkw/1248834?elections=wbp&region=1,19.95746753176556,50.08900212593795
69,/samorzad2024/pl/obkw/1248835?elections=wbp&region=1,19.963977253047744,50.09880903647226
70,/samorzad2024/pl/obkw/1248836?elections=wbp&region=1,19.963977253047744,50.09880903647226
71,/samorzad2024/pl/obkw/1248837?elections=wbp&region=1,19.963977253047744,50.09880903647226
72,/samorzad2024/pl/obkw/1248838?elections=wbp&region=1,19.9442929,50.102182
73,/samorzad2024/pl/obkw/1248839?elections=wbp&region=1,19.9442929,50.102182
74,/samorzad2024/pl/obkw/1248840?elections=wbp&region=1,19.93392100554607,50.09408860006096
75,/samorzad2024/pl/obkw/1248841?elections=wbp&region=1,19.93392100554607,50.09408860006096
76,/samorzad2024/pl/obkw/1248842?elections=wbp&region=1,19.945829929758702,50.093438457741144
77,/samorzad2024/pl/obkw/1248843?elections=wbp&region=1,19.945829929758702,50.093438457741144
78,/samorzad2024/pl/obkw/1248844?elections=wbp&region=1,19.945829929758702,50.093438457741144
79,/samorzad2024/pl/obkw/1248845?elections=wbp&region=1,19.945829929758702,50.093438457741144
80,/samorzad2024/pl/obkw/1248846?elections=wbp&region=1,19.945829929758702,50.093438457741144
81,/samorzad2024/pl/obkw/1248847?elections=wbp&region=1,19.941156,50.089315
82,/samorzad2024/pl/obkw/1248848?elections=wbp&region=1,19.941156,50.089315
83,/samorzad2024/pl/obkw/1248849?elections=wbp&region=1,19.941156,50.089315
84,/samorzad2024/pl/obkw/1248850?elections=wbp&region=1,19.941156,50.089315
85,/samorzad2024/pl/obkw/1248851?elections=wbp&region=1,19.929104,50.08729
86,/samorzad2024/pl/obkw/1248852?elections=wbp&region=1,19.929104,50.08729
87,/samorzad2024/pl/obkw/1248853?elections=wbp&region=1,19.929104,50.08729
88,/samorzad2024/pl/obkw/1248854?elections=wbp&region=1,19.929104,50.08729
89,/samorzad2024/pl/obkw/1248855?elections=wbp&region=1,19.9228152352957,50.08974174507415
90,/samorzad2024/pl/obkw/1248856?elections=wbp&region=1,19.9228152352957,50.08974174507415
91,/samorzad2024/pl/obkw/1248857?elections=wbp&region=1,19.9228152352957,50.08974174507415
92,/samorzad2024/pl/obkw/1248858?elections=wbp&region=1,19.925801,50.092981
93,/samorzad2024/pl/obkw/1248859?elections=wbp&region=1,19.9050735,50.1072165
94,/samorzad2024/pl/obkw/1248860?elections=wbp&region=1,19.884838173112286,50.096401083328004
95,/samorzad2024/pl/obkw/1248861?elections=wbp&region=1,19.884838173112286,50.096401083328004
96,/samorzad2024/pl/obkw/1248862?elections=wbp&region=1,19.904302377209206,50.09525762409683
97,/samorzad2024/pl/obkw/1248863?elections=wbp&region=1,19.902719706251617,50.0846418599061
98,/samorzad2024/pl/obkw/1248864?elections=wbp&region=1,19.902719706251617,50.0846418599061
99,/samorzad2024/pl/obkw/1248865?elections=wbp&region=1,19.902719706251617,50.0846418599061
100,/samorzad2024/pl/obkw/1248866?elections=wbp&region=1,19.902719706251617,50.0846418599061
101,/samorzad2024/pl/obkw/1248867?elections=wbp&region=1,19.902719706251617,50.0846418599061
102,/samorzad2024/pl/obkw/1248868?elections=wbp&region=1,19.913394,50.086883
103,/samorzad2024/pl/obkw/1248869?elections=wbp&region=1,19.913394,50.086883
104,/samorzad2024/pl/obkw/1248870?elections=wbp&region=1,19.91701713759312,50.08611883506464
105,/samorzad2024/pl/obkw/1248871?elections=wbp&region=1,19.91701713759312,50.08611883506464
106,/samorzad2024/pl/obkw/1248872?elections=wbp&region=1,19.916218,50.075918
107,/samorzad2024/pl/obkw/1248873?elections=wbp&region=1,19.916218,50.075918
108,/samorzad2024/pl/obkw/1248874?elections=wbp&region=1,19.922094894536826,50.077615771478804
109,/samorzad2024/pl/obkw/1248875?elections=wbp&region=1,19.922094894536826,50.077615771478804
110,/samorzad2024/pl/obkw/1248876?elections=wbp&region=1,19.92249236438539,50.07590804252584
111,/samorzad2024/pl/obkw/1248877?elections=wbp&region=1,19.92249236438539,50.07590804252584
112,/samorzad2024/pl/obkw/1248878?elections=wbp&region=1,19.92249236438539,50.07590804252584
113,/samorzad2024/pl/obkw/1248879?elections=wbp&region=1,19.92249236438539,50.07590804252584
114,/samorzad2024/pl/obkw/1248880?elections=wbp&region=1,19.934688536419856,50.07435797717159
115,/samorzad2024/pl/obkw/1248881?elections=wbp&region=1,19.921267,50.074152
116,/samorzad2024/pl/obkw/1248882?elections=wbp&region=1,19.92586566131834,50.07041165142806
117,/samorzad2024/pl/obkw/1248883?elections=wbp&region=1,19.920372161977156,50.067375432731296
118,/samorzad2024/pl/obkw/1248884?elections=wbp&region=1,19.919190145991365,50.06905193909492
119,/samorzad2024/pl/obkw/1248885?elections=wbp&region=1,19.913379726891122,50.06891447588285
120,/samorzad2024/pl/obkw/1248886?elections=wbp&region=1,19.914510613267538,50.070031993123706
121,/samorzad2024/pl/obkw/1248887?elections=wbp&region=1,19.914730722044936,50.06531067661257
122,/samorzad2024/pl/obkw/1248888?elections=wbp&region=1,19.9090939,50.0691124
123,/samorzad2024/pl/obkw/1248889?elections=wbp&region=1,19.9090939,50.0691124
124,/samorzad2024/pl/obkw/1248890?elections=wbp&region=1,19.9090939,50.0691124
125,/samorzad2024/pl/obkw/1248891?elections=wbp&region=1,19.900323655409892,50.07329435556815
126,/samorzad2024/pl/obkw/1248892?elections=wbp&region=1,19.900323655409892,50.07329435556815
127,/samorzad2024/pl/obkw/1248893?elections=wbp&region=1,19.8950679,50.081536
128,/samorzad2024/pl/obkw/1248894?elections=wbp&region=1,19.8950679,50.081536
129,/samorzad2024/pl/obkw/1248895?elections=wbp&region=1,19.89497315133687,50.0756437611187
130,/samorzad2024/pl/obkw/1248896?elections=wbp&region=1,19.893357,50.07646
131,/samorzad2024/pl/obkw/1248897?elections=wbp&region=1,19.882482858320003,50.07761631630251
132,/samorzad2024/pl/obkw/1248898?elections=wbp&region=1,19.882482858320003,50.07761631630251
133,/samorzad2024/pl/obkw/1248899?elections=wbp&region=1,19.88398221316001,50.07741309706
134,/samorzad2024/pl/obkw/1248900?elections=wbp&region=1,19.88398221316001,50.07741309706
135,/samorzad2024/pl/obkw/1248901?elections=wbp&region=1,19.8829551,50.0836178
136,/samorzad2024/pl/obkw/1248902?elections=wbp&region=1,19.846849,50.084564
137,/samorzad2024/pl/obkw/1248903?elections=wbp&region=1,19.846849,50.084564
138,/samorzad2024/pl/obkw/1248904?elections=wbp&region=1,19.83362357124389,50.0734518515288
139,/samorzad2024/pl/obkw/1248905?elections=wbp&region=1,19.8465827479244,50.06760367195477
140,/samorzad2024/pl/obkw/1248906?elections=wbp&region=1,19.824703,50.04417
141,/samorzad2024/pl/obkw/1248907?elections=wbp&region=1,19.873816808626913,50.04825924525423
142,/samorzad2024/pl/obkw/1248908?elections=wbp&region=1,19.864937,50.064317
143,/samorzad2024/pl/obkw/1248909?elections=wbp&region=1,19.864937,50.064317
144,/samorzad2024/pl/obkw/1248910?elections=wbp&region=1,19.904659,50.0572929
145,/samorzad2024/pl/obkw/1248911?elections=wbp&region=1,19.904659,50.0572929
146,/samorzad2024/pl/obkw/1248912?elections=wbp&region=1,19.9174428,50.0560101
147,/samorzad2024/pl/obkw/1248913?elections=wbp&region=1,19.916906,50.053759
148,/samorzad2024/pl/obkw/1248914?elections=wbp&region=1,19.916906,50.053759
149,/samorzad2024/pl/obkw/1248915?elections=wbp&region=1,19.92387194182905,50.0505780568582
150,/samorzad2024/pl/obkw/1248916?elections=wbp&region=1,19.92387194182905,50.0505780568582
151,/samorzad2024/pl/obkw/1248917?elections=wbp&region=1,19.931838,50.042458
152,/samorzad2024/pl/obkw/1248918?elections=wbp&region=1,19.931838,50.042458
153,/samorzad2024/pl/obkw/1248919?elections=wbp&region=1,19.931838,50.042458
154,/samorzad2024/pl/obkw/1248920?elections=wbp&region=1,19.931838,50.042458
155,/samorzad2024/pl/obkw/1248921?elections=wbp&region=1,19.921981,50.046316
156,/samorzad2024/pl/obkw/1248922?elections=wbp&region=1,19.921981,50.046316
157,/samorzad2024/pl/obkw/1248923?elections=wbp&region=1,19.907319,50.044763
158,/samorzad2024/pl/obkw/1248924?elections=wbp&region=1,19.88907773973844,50.03583374434888
159,/samorzad2024/pl/obkw/1248925?elections=wbp&region=1,19.88907773973844,50.03583374434888
160,/samorzad2024/pl/obkw/1248926?elections=wbp&region=1,19.8582418,50.0293674
161,/samorzad2024/pl/obkw/1248927?elections=wbp&region=1,19.806905165224748,50.018041729935476
162,/samorzad2024/pl/obkw/1248928?elections=wbp&region=1,19.806905165224748,50.018041729935476
163,/samorzad2024/pl/obkw/1248929?elections=wbp&region=1,19.8723376,49.9877354
164,/samorzad2024/pl/obkw/1248930?elections=wbp&region=1,19.8723376,49.9877354
165,/samorzad2024/pl/obkw/1248931?elections=wbp&region=1,19.873612,50.016675
166,/samorzad2024/pl/obkw/1248932?elections=wbp&region=1,19.873612,50.016675
167,/samorzad2024/pl/obkw/1248933?elections=wbp&region=1,19.873612,50.016675
168,/samorzad2024/pl/obkw/1248934?elections=wbp&region=1,19.899612786201573,50.01150732394845
169,/samorzad2024/pl/obkw/1248935?elections=wbp&region=1,19.899612786201573,50.01150732394845
170,/samorzad2024/pl/obkw/1248936?elections=wbp&region=1,19.899612786201573,50.01150732394845
171,/samorzad2024/pl/obkw/1248937?elections=wbp&region=1,19.899612786201573,50.01150732394845
172,/samorzad2024/pl/obkw/1248938?elections=wbp&region=1,19.899612786201573,50.01150732394845
173,/samorzad2024/pl/obkw/1248939?elections=wbp&region=1,19.899612786201573,50.01150732394845
174,/samorzad2024/pl/obkw/1248940?elections=wbp&region=1,19.915977362504208,50.02595956904159
175,/samorzad2024/pl/obkw/1248941?elections=wbp&region=1,19.915977362504208,50.02595956904159
176,/samorzad2024/pl/obkw/1248942?elections=wbp&region=1,19.915977362504208,50.02595956904159
177,/samorzad2024/pl/obkw/1248943?elections=wbp&region=1,19.915977362504208,50.02595956904159
178,/samorzad2024/pl/obkw/1248944?elections=wbp&region=1,19.915977362504208,50.02595956904159
179,/samorzad2024/pl/obkw/1248945?elections=wbp&region=1,19.915977362504208,50.02595956904159
180,/samorzad2024/pl/obkw/1248946?elections=wbp&region=1,19.9228532,50.0303341
181,/samorzad2024/pl/obkw/1248947?elections=wbp&region=1,19.9228532,50.0303341
182,/samorzad2024/pl/obkw/1248948?elections=wbp&region=1,19.9228532,50.0303341
183,/samorzad2024/pl/obkw/1248949?elections=wbp&region=1,19.9228532,50.0303341
184,/samorzad2024/pl/obkw/1248950?elections=wbp&region=1,19.923334,50.026402
185,/samorzad2024/pl/obkw/1248951?elections=wbp&region=1,19.932336155293655,50.03071969376444
186,/samorzad2024/pl/obkw/1248952?elections=wbp&region=1,19.93485894051142,50.02700936050482
187,/samorzad2024/pl/obkw/1248953?elections=wbp&region=1,19.942364264252774,50.0210604723641
188,/samorzad2024/pl/obkw/1248954?elections=wbp&region=1,19.942364264252774,50.0210604723641
189,/samorzad2024/pl/obkw/1248955?elections=wbp&region=1,19.9295292,50.0145555
190,/samorzad2024/pl/obkw/1248956?elections=wbp&region=1,19.924165811354385,50.01875356306263
191,/samorzad2024/pl/obkw/1248957?elections=wbp&region=1,19.924165811354385,50.01875356306263
192,/samorzad2024/pl/obkw/1248958?elections=wbp&region=1,19.9251558,50.0158836
193,/samorzad2024/pl/obkw/1248959?elections=wbp&region=1,19.9187854,50.0014616
194,/samorzad2024/pl/obkw/1248960?elections=wbp&region=1,19.9187854,50.0014616
195,/samorzad2024/pl/obkw/1248961?elections=wbp&region=1,19.9187854,50.0014616
196,/samorzad2024/pl/obkw/1248962?elections=wbp&region=1,19.896042849820134,49.99790806323193
197,/samorzad2024/pl/obkw/1248963?elections=wbp&region=1,19.896042849820134,49.99790806323193
198,/samorzad2024/pl/obkw/1248964?elections=wbp&region=1,19.913306,49.991086
199,/samorzad2024/pl/obkw/1248965?elections=wbp&region=1,19.913306,49.991086
200,/samorzad2024/pl/obkw/1248966?elections=wbp&region=1,19.925127550924714,50.00131342094454
201,/samorzad2024/pl/obkw/1248967?elections=wbp&region=1,19.946959391211607,49.99329131096289
202,/samorzad2024/pl/obkw/1248968?elections=wbp&region=1,19.946959391211607,49.99329131096289
203,/samorzad2024/pl/obkw/1248969?elections=wbp&region=1,19.945847699393454,49.984264504157125
204,/samorzad2024/pl/obkw/1248970?elections=wbp&region=1,19.949738830304597,49.97940094674911
205,/samorzad2024/pl/obkw/1248971?elections=wbp&region=1,19.960414525103005,49.973530471312586
206,/samorzad2024/pl/obkw/1248972?elections=wbp&region=1,19.972,49.991244
207,/samorzad2024/pl/obkw/1248973?elections=wbp&region=1,19.98614244162391,49.98329907654937
208,/samorzad2024/pl/obkw/1248974?elections=wbp&region=1,19.9880651,49.9946701
209,/samorzad2024/pl/obkw/1248975?elections=wbp&region=1,19.983041,50.006237
210,/samorzad2024/pl/obkw/1248976?elections=wbp&region=1,19.965682,50.0061279
211,/samorzad2024/pl/obkw/1248977?elections=wbp&region=1,19.965682,50.0061279
212,/samorzad2024/pl/obkw/1248978?elections=wbp&region=1,19.965682,50.0061279
213,/samorzad2024/pl/obkw/1248979?elections=wbp&region=1,19.9538271,50.0061724
214,/samorzad2024/pl/obkw/1248980?elections=wbp&region=1,19.9538271,50.0061724
215,/samorzad2024/pl/obkw/1248981?elections=wbp&region=1,19.9538271,50.0061724
216,/samorzad2024/pl/obkw/1248982?elections=wbp&region=1,19.9538271,50.0061724
217,/samorzad2024/pl/obkw/1248983?elections=wbp&region=1,19.951359,50.01009
218,/samorzad2024/pl/obkw/1248984?elections=wbp&region=1,19.951359,50.01009
219,/samorzad2024/pl/obkw/1248985?elections=wbp&region=1,19.951359,50.01009
220,/samorzad2024/pl/obkw/1248986?elections=wbp&region=1,19.951359,50.01009
221,/samorzad2024/pl/obkw/1248987?elections=wbp&region=1,19.951359,50.01009
222,/samorzad2024/pl/obkw/1248988?elections=wbp&region=1,19.955687,50.016691
223,/samorzad2024/pl/obkw/1248989?elections=wbp&region=1,19.955687,50.016691
224,/samorzad2024/pl/obkw/1248990?elections=wbp&region=1,19.955687,50.016691
225,/samorzad2024/pl/obkw/1248991?elections=wbp&region=1,19.95673084629547,50.02497306094736
226,/samorzad2024/pl/obkw/1248992?elections=wbp&region=1,19.965281,50.022657
227,/samorzad2024/pl/obkw/1248993?elections=wbp&region=1,19.965281,50.022657
228,/samorzad2024/pl/obkw/1248994?elections=wbp&region=1,19.965281,50.022657
229,/samorzad2024/pl/obkw/1248995?elections=wbp&region=1,19.9754620529597,50.024731871683485
230,/samorzad2024/pl/obkw/1248996?elections=wbp&region=1,19.970928616808237,50.019524865792846
231,/samorzad2024/pl/obkw/1248997?elections=wbp&region=1,19.970928616808237,50.019524865792846
232,/samorzad2024/pl/obkw/1248998?elections=wbp&region=1,19.970928616808237,50.019524865792846
233,/samorzad2024/pl/obkw/1248999?elections=wbp&region=1,19.970928616808237,50.019524865792846
234,/samorzad2024/pl/obkw/1249000?elections=wbp&region=1,19.974606,50.012248
235,/samorzad2024/pl/obkw/1249001?elections=wbp&region=1,19.974606,50.012248
236,/samorzad2024/pl/obkw/1249002?elections=wbp&region=1,19.974606,50.012248
237,/samorzad2024/pl/obkw/1249003?elections=wbp&region=1,19.980573,50.018038
238,/samorzad2024/pl/obkw/1249004?elections=wbp&region=1,19.980573,50.018038
239,/samorzad2024/pl/obkw/1249005?elections=wbp&region=1,19.980573,50.018038
240,/samorzad2024/pl/obkw/1249006?elections=wbp&region=1,19.981465,50.01586
241,/samorzad2024/pl/obkw/1249007?elections=wbp&region=1,19.981465,50.01586
242,/samorzad2024/pl/obkw/1249008?elections=wbp&region=1,19.981465,50.01586
243,/samorzad2024/pl/obkw/1249009?elections=wbp&region=1,19.986128360026584,50.02217522357691
244,/samorzad2024/pl/obkw/1249010?elections=wbp&region=1,19.986128360026584,50.02217522357691
245,/samorzad2024/pl/obkw/1249011?elections=wbp&region=1,19.990172,50.024633
246,/samorzad2024/pl/obkw/1249012?elections=wbp&region=1,19.990172,50.024633
247,/samorzad2024/pl/obkw/1249013?elections=wbp&region=1,19.990172,50.024633
248,/samorzad2024/pl/obkw/1249014?elections=wbp&region=1,20.00711304135953,50.01828920562673
249,/samorzad2024/pl/obkw/1249015?elections=wbp&region=1,20.00711304135953,50.01828920562673
250,/samorzad2024/pl/obkw/1249016?elections=wbp&region=1,20.00711304135953,50.01828920562673
251,/samorzad2024/pl/obkw/1249017?elections=wbp&region=1,19.995984,50.017201
252,/samorzad2024/pl/obkw/1249018?elections=wbp&region=1,19.995984,50.017201
253,/samorzad2024/pl/obkw/1249019?elections=wbp&region=1,20.0092093553437,50.01339698210981
254,/samorzad2024/pl/obkw/1249020?elections=wbp&region=1,20.0092093553437,50.01339698210981
255,/samorzad2024/pl/obkw/1249021?elections=wbp&region=1,20.0092093553437,50.01339698210981
256,/samorzad2024/pl/obkw/1249022?elections=wbp&region=1,20.0092093553437,50.01339698210981
257,/samorzad2024/pl/obkw/1249023?elections=wbp&region=1,20.0059882,50.00632
258,/samorzad2024/pl/obkw/1249024?elections=wbp&region=1,20.0059882,50.00632
259,/samorzad2024/pl/obkw/1249025?elections=wbp&region=1,20.016748,50.012424
260,/samorzad2024/pl/obkw/1249026?elections=wbp&region=1,20.016748,50.012424
261,/samorzad2024/pl/obkw/1249027?elections=wbp&region=1,20.016748,50.012424
262,/samorzad2024/pl/obkw/1249028?elections=wbp&region=1,20.016748,50.012424
263,/samorzad2024/pl/obkw/1249029?elections=wbp&region=1,20.0164914,50.0200151
264,/samorzad2024/pl/obkw/1249030?elections=wbp&region=1,20.0164914,50.0200151
265,/samorzad2024/pl/obkw/1249031?elections=wbp&region=1,20.022487,50.018997
266,/samorzad2024/pl/obkw/1249032?elections=wbp&region=1,20.04089688884136,50.0144060375236
267,/samorzad2024/pl/obkw/1249033?elections=wbp&region=1,20.04089688884136,50.0144060375236
268,/samorzad2024/pl/obkw/1249034?elections=wbp&region=1,20.04089688884136,50.0144060375236
269,/samorzad2024/pl/obkw/1249035?elections=wbp&region=1,20.04477812910676,50.02296588850345
270,/samorzad2024/pl/obkw/1249036?elections=wbp&region=1,20.04477812910676,50.02296588850345
271,/samorzad2024/pl/obkw/1249037?elections=wbp&region=1,20.06590287204176,50.04418924452932
272,/samorzad2024/pl/obkw/1249038?elections=wbp&region=1,20.033833459035407,50.04591654522619
273,/samorzad2024/pl/obkw/1249039?elections=wbp&region=1,19.99224823899206,50.03711676226794
274,/samorzad2024/pl/obkw/1249040?elections=wbp&region=1,19.99224823899206,50.03711676226794
275,/samorzad2024/pl/obkw/1249041?elections=wbp&region=1,19.992477,50.045677
276,/samorzad2024/pl/obkw/1249042?elections=wbp&region=1,19.992477,50.045677
277,/samorzad2024/pl/obkw/1249043?elections=wbp&region=1,19.992477,50.045677
278,/samorzad2024/pl/obkw/1249044?elections=wbp&region=1,19.992477,50.045677
279,/samorzad2024/pl/obkw/1249045?elections=wbp&region=1,19.9833644,50.0427255
280,/samorzad2024/pl/obkw/1249046?elections=wbp&region=1,19.9833644,50.0427255
281,/samorzad2024/pl/obkw/1249047?elections=wbp&region=1,19.966272,50.038856
282,/samorzad2024/pl/obkw/1249048?elections=wbp&region=1,19.968095282077826,50.03391864711136
283,/samorzad2024/pl/obkw/1249049?elections=wbp&region=1,19.955104840898457,50.04189633300615
284,/samorzad2024/pl/obkw/1249050?elections=wbp&region=1,19.934715526148068,50.033481866136896
285,/samorzad2024/pl/obkw/1249051?elections=wbp&region=1,19.942666,50.036411
286,/samorzad2024/pl/obkw/1249052?elections=wbp&region=1,19.9393165,50.0400875
287,/samorzad2024/pl/obkw/1249053?elections=wbp&region=1,19.9393165,50.0400875
288,/samorzad2024/pl/obkw/1249054?elections=wbp&region=1,19.94986372066191,50.04473511597362
289,/samorzad2024/pl/obkw/1249055?elections=wbp&region=1,19.9499129,50.0458335
290,/samorzad2024/pl/obkw/1249056?elections=wbp&region=1,19.9590988,50.0436161
291,/samorzad2024/pl/obkw/1249057?elections=wbp&region=1,19.9590988,50.0436161
292,/samorzad2024/pl/obkw/1249058?elections=wbp&region=1,19.9590988,50.0436161
293,/samorzad2024/pl/obkw/1249059?elections=wbp&region=1,20.013767937204705,50.06895994770758
294,/samorzad2024/pl/obkw/1249060?elections=wbp&region=1,20.013767937204705,50.06895994770758
295,/samorzad2024/pl/obkw/1249061?elections=wbp&region=1,20.013767937204705,50.06895994770758
296,/samorzad2024/pl/obkw/1249062?elections=wbp&region=1,20.013767937204705,50.06895994770758
297,/samorzad2024/pl/obkw/1249063?elections=wbp&region=1,20.022561308007027,50.07583252157821
298,/samorzad2024/pl/obkw/1249064?elections=wbp&region=1,20.022561308007027,50.07583252157821
299,/samorzad2024/pl/obkw/1249065?elections=wbp&region=1,19.986426504322537,50.074553736520244
300,/samorzad2024/pl/obkw/1249066?elections=wbp&region=1,20.008568139750764,50.07886496841854
301,/samorzad2024/pl/obkw/1249067?elections=wbp&region=1,20.008568139750764,50.07886496841854
302,/samorzad2024/pl/obkw/1249068?elections=wbp&region=1,20.008568139750764,50.07886496841854
303,/samorzad2024/pl/obkw/1249069?elections=wbp&region=1,20.008568139750764,50.07886496841854
304,/samorzad2024/pl/obkw/1249070?elections=wbp&region=1,20.006245765837946,50.083470195570726
305,/samorzad2024/pl/obkw/1249071?elections=wbp&region=1,20.006245765837946,50.083470195570726
306,/samorzad2024/pl/obkw/1249072?elections=wbp&region=1,20.006245765837946,50.083470195570726
307,/samorzad2024/pl/obkw/1249073?elections=wbp&region=1,20.006245765837946,50.083470195570726
308,/samorzad2024/pl/obkw/1249074?elections=wbp&region=1,20.006245765837946,50.083470195570726
309,/samorzad2024/pl/obkw/1249075?elections=wbp&region=1,19.99640138819646,50.08403991352955
310,/samorzad2024/pl/obkw/1249076?elections=wbp&region=1,19.98985772020643,50.090245413635984
311,/samorzad2024/pl/obkw/1249077?elections=wbp&region=1,19.98985772020643,50.090245413635984
312,/samorzad2024/pl/obkw/1249078?elections=wbp&region=1,19.98985772020643,50.090245413635984
313,/samorzad2024/pl/obkw/1249079?elections=wbp&region=1,19.98985772020643,50.090245413635984
314,/samorzad2024/pl/obkw/1249080?elections=wbp&region=1,19.999259784817355,50.09208469655928
315,/samorzad2024/pl/obkw/1249081?elections=wbp&region=1,19.999259784817355,50.09208469655928
316,/samorzad2024/pl/obkw/1249082?elections=wbp&region=1,20.002025896684273,50.091366828461815
317,/samorzad2024/pl/obkw/1249083?elections=wbp&region=1,20.002025896684273,50.091366828461815
318,/samorzad2024/pl/obkw/1249084?elections=wbp&region=1,20.00800336711481,50.09264703844332
319,/samorzad2024/pl/obkw/1249085?elections=wbp&region=1,20.001451,50.096901
320,/samorzad2024/pl/obkw/1249086?elections=wbp&region=1,20.001451,50.096901
321,/samorzad2024/pl/obkw/1249087?elections=wbp&region=1,19.999953471124144,50.0975962589018
322,/samorzad2024/pl/obkw/1249088?elections=wbp&region=1,19.999953471124144,50.0975962589018
323,/samorzad2024/pl/obkw/1249089?elections=wbp&region=1,20.00368467532269,50.09764927443939
324,/samorzad2024/pl/obkw/1249090?elections=wbp&region=1,20.00368467532269,50.09764927443939
325,/samorzad2024/pl/obkw/1249091?elections=wbp&region=1,20.007941005755185,50.097944694616814
326,/samorzad2024/pl/obkw/1249092?elections=wbp&region=1,20.007941005755185,50.097944694616814
327,/samorzad2024/pl/obkw/1249093?elections=wbp&region=1,20.007941005755185,50.097944694616814
328,/samorzad2024/pl/obkw/1249094?elections=wbp&region=1,20.007941005755185,50.097944694616814
329,/samorzad2024/pl/obkw/1249095?elections=wbp&region=1,20.017979424455206,50.0998732028994
330,/samorzad2024/pl/obkw/1249096?elections=wbp&region=1,20.017979424455206,50.0998732028994
331,/samorzad2024/pl/obkw/1249097?elections=wbp&region=1,20.017979424455206,50.0998732028994
332,/samorzad2024/pl/obkw/1249098?elections=wbp&region=1,20.017979424455206,50.0998732028994
333,/samorzad2024/pl/obkw/1249099?elections=wbp&region=1,20.018063,50.09888
334,/samorzad2024/pl/obkw/1249100?elections=wbp&region=1,20.018063,50.09888
335,/samorzad2024/pl/obkw/1249101?elections=wbp&region=1,20.018063,50.09888
336,/samorzad2024/pl/obkw/1249102?elections=wbp&region=1,20.02340737731356,50.090569080827095
337,/samorzad2024/pl/obkw/1249103?elections=wbp&region=1,20.02340737731356,50.090569080827095
338,/samorzad2024/pl/obkw/1249104?elections=wbp&region=1,20.02358490602279,50.08827537302312
339,/samorzad2024/pl/obkw/1249105?elections=wbp&region=1,20.02358490602279,50.08827537302312
340,/samorzad2024/pl/obkw/1249106?elections=wbp&region=1,20.02358490602279,50.08827537302312
341,/samorzad2024/pl/obkw/1249107?elections=wbp&region=1,20.02358490602279,50.08827537302312
342,/samorzad2024/pl/obkw/1249108?elections=wbp&region=1,20.018269103028928,50.08902429607187
343,/samorzad2024/pl/obkw/1249109?elections=wbp&region=1,20.01668307931007,50.0892986776723
344,/samorzad2024/pl/obkw/1249110?elections=wbp&region=1,20.01668307931007,50.0892986776723
345,/samorzad2024/pl/obkw/1249111?elections=wbp&region=1,20.012534623971447,50.0913229911082
346,/samorzad2024/pl/obkw/1249112?elections=wbp&region=1,20.012534623971447,50.0913229911082
347,/samorzad2024/pl/obkw/1249113?elections=wbp&region=1,20.00919083133769,50.09018590212344
348,/samorzad2024/pl/obkw/1249114?elections=wbp&region=1,20.00919083133769,50.09018590212344
349,/samorzad2024/pl/obkw/1249115?elections=wbp&region=1,20.01332285814607,50.08343092635434
350,/samorzad2024/pl/obkw/1249116?elections=wbp&region=1,20.019624205315324,50.08094409950121
351,/samorzad2024/pl/obkw/1249117?elections=wbp&region=1,20.019624205315324,50.08094409950121
352,/samorzad2024/pl/obkw/1249118?elections=wbp&region=1,20.019624205315324,50.08094409950121
353,/samorzad2024/pl/obkw/1249119?elections=wbp&region=1,20.020838910723484,50.079824444875044
354,/samorzad2024/pl/obkw/1249120?elections=wbp&region=1,20.020838910723484,50.079824444875044
355,/samorzad2024/pl/obkw/1249121?elections=wbp&region=1,20.02753060312361,50.08493023928483
356,/samorzad2024/pl/obkw/1249122?elections=wbp&region=1,20.02753060312361,50.08493023928483
357,/samorzad2024/pl/obkw/1249123?elections=wbp&region=1,20.02753060312361,50.08493023928483
358,/samorzad2024/pl/obkw/1249124?elections=wbp&region=1,20.030677756308904,50.08402218580434
359,/samorzad2024/pl/obkw/1249125?elections=wbp&region=1,20.030677756308904,50.08402218580434
360,/samorzad2024/pl/obkw/1249126?elections=wbp&region=1,20.052459137538648,50.0951250223886
361,/samorzad2024/pl/obkw/1249127?elections=wbp&region=1,20.052459137538648,50.0951250223886
362,/samorzad2024/pl/obkw/1249128?elections=wbp&region=1,20.052459137538648,50.0951250223886
363,/samorzad2024/pl/obkw/1249129?elections=wbp&region=1,20.05539280365008,50.092036332977955
364,/samorzad2024/pl/obkw/1249130?elections=wbp&region=1,20.06009,50.097384
365,/samorzad2024/pl/obkw/1249131?elections=wbp&region=1,20.06009,50.097384
366,/samorzad2024/pl/obkw/1249132?elections=wbp&region=1,20.057984739569008,50.11238562414067
367,/samorzad2024/pl/obkw/1249133?elections=wbp&region=1,20.073886734842276,50.099388478645416
368,/samorzad2024/pl/obkw/1249134?elections=wbp&region=1,20.1236657,50.0998946
369,/samorzad2024/pl/obkw/1249135?elections=wbp&region=1,20.09444341999219,50.09565392047895
370,/samorzad2024/pl/obkw/1249136?elections=wbp&region=1,20.05669174718517,50.08058761715915
371,/samorzad2024/pl/obkw/1249137?elections=wbp&region=1,20.047500990353285,50.07561568174307
372,/samorzad2024/pl/obkw/1249138?elections=wbp&region=1,20.04895231688812,50.077499849757885
373,/samorzad2024/pl/obkw/1249139?elections=wbp&region=1,20.04160926679225,50.075936499087106
374,/samorzad2024/pl/obkw/1249140?elections=wbp&region=1,20.040502268839873,50.07413074377652
375,/samorzad2024/pl/obkw/1249141?elections=wbp&region=1,20.041983937864188,50.07805955134242
376,/samorzad2024/pl/obkw/1249142?elections=wbp&region=1,20.047380290947558,50.07983852647237
377,/samorzad2024/pl/obkw/1249143?elections=wbp&region=1,20.046940324849885,50.081801777743635
378,/samorzad2024/pl/obkw/1249144?elections=wbp&region=1,20.040027853120137,50.08165836338031
379,/samorzad2024/pl/obkw/1249145?elections=wbp&region=1,20.040027853120137,50.08165836338031
380,/samorzad2024/pl/obkw/1249146?elections=wbp&region=1,20.036369320022118,50.079762334972514
381,/samorzad2024/pl/obkw/1249147?elections=wbp&region=1,20.03418834881586,50.079980809278766
382,/samorzad2024/pl/obkw/1249148?elections=wbp&region=1,20.03418834881586,50.079980809278766
383,/samorzad2024/pl/obkw/1249149?elections=wbp&region=1,20.032463,50.080777
384,/samorzad2024/pl/obkw/1249150?elections=wbp&region=1,20.025231363263543,50.07764737125376
385,/samorzad2024/pl/obkw/1249151?elections=wbp&region=1,20.022561308007027,50.07583252157821
386,/samorzad2024/pl/obkw/1249152?elections=wbp&region=1,20.022561308007027,50.07583252157821
387,/samorzad2024/pl/obkw/1249153?elections=wbp&region=1,20.030881771832185,50.07381679959306
388,/samorzad2024/pl/obkw/1249154?elections=wbp&region=1,20.030881771832185,50.07381679959306
389,/samorzad2024/pl/obkw/1249155?elections=wbp&region=1,20.030881771832185,50.07381679959306
390,/samorzad2024/pl/obkw/1249156?elections=wbp&region=1,20.030881771832185,50.07381679959306
391,/samorzad2024/pl/obkw/1249157?elections=wbp&region=1,20.041803391669788,50.072605405036654
392,/samorzad2024/pl/obkw/1249158?elections=wbp&region=1,20.042969649677616,50.06977014246851
393,/samorzad2024/pl/obkw/1249159?elections=wbp&region=1,20.042969649677616,50.06977014246851
394,/samorzad2024/pl/obkw/1249160?elections=wbp&region=1,20.042969649677616,50.06977014246851
395,/samorzad2024/pl/obkw/1249161?elections=wbp&region=1,20.042969649677616,50.06977014246851
396,/samorzad2024/pl/obkw/1249162?elections=wbp&region=1,20.046839406735643,50.072002369012694
397,/samorzad2024/pl/obkw/1249163?elections=wbp&region=1,20.046839406735643,50.072002369012694
398,/samorzad2024/pl/obkw/1249164?elections=wbp&region=1,20.053093,50.0730133
399,/samorzad2024/pl/obkw/1249165?elections=wbp&region=1,20.053093,50.0730133
400,/samorzad2024/pl/obkw/1249166?elections=wbp&region=1,20.055153,50.068826
401,/samorzad2024/pl/obkw/1249167?elections=wbp&region=1,20.110433157584822,50.069359177755814
402,/samorzad2024/pl/obkw/1249168?elections=wbp&region=1,20.1426618,50.059996
403,/samorzad2024/pl/obkw/1249169?elections=wbp&region=1,20.1572185,50.0698534
404,/samorzad2024/pl/obkw/1249170?elections=wbp&region=1,20.178541317665264,50.09873632346222
405,/samorzad2024/pl/obkw/1249171?elections=wbp&region=1,20.1943593,50.0557122
406,/samorzad2024/pl/obkw/1249172?elections=wbp&region=1,19.896042849820134,49.99790806323193
407,/samorzad2024/pl/obkw/1249173?elections=wbp&region=1,19.873612,50.016675
408,/samorzad2024/pl/obkw/1249174?elections=wbp&region=1,20.04477812910676,50.02296588850345
409,/samorzad2024/pl/obkw/1249175?elections=wbp&region=1,19.8829551,50.0836178
410,/samorzad2024/pl/obkw/1249176?elections=wbp&region=1,20.008568139750764,50.07886496841854
411,/samorzad2024/pl/obkw/1249177?elections=wbp&region=1,20.057984739569008,50.11238562414067
412,/samorzad2024/pl/obkw/1268173?elections=wbp&region=1,19.945151917610843,50.047529391035226
413,/samorzad2024/pl/obkw/1268174?elections=wbp&region=1,19.94368256998419,50.04625374919095
414,/samorzad2024/pl/obkw/1268175?elections=wbp&region=1,19.927233001183367,50.06144217684002
415,/samorzad2024/pl/obkw/1268176?elections=wbp&region=1,19.926811978186862,50.06349201317107
416,/samorzad2024/pl/obkw/1268177?elections=wbp&region=1,19.9323971,50.0694484
417,/samorzad2024/pl/obkw/1268178?elections=wbp&region=1,19.937564367399347,50.07253210529336
418,/samorzad2024/pl/obkw/1268179?elections=wbp&region=1,19.939866708563585,50.073875724372385
419,/samorzad2024/pl/obkw/1268180?elections=wbp&region=1,19.947006329869396,50.062119895621265
420,/samorzad2024/pl/obkw/1268181?elections=wbp&region=1,19.9494155402991,50.0607146695539
421,/samorzad2024/pl/obkw/1268182?elections=wbp&region=1,19.954790268072287,50.06351070481517
422,/samorzad2024/pl/obkw/1268183?elections=wbp&region=1,19.98386013320828,50.07801110394206
423,/samorzad2024/pl/obkw/1268184?elections=wbp&region=1,19.980409136032875,50.09563979697211
424,/samorzad2024/pl/obkw/1268185?elections=wbp&region=1,19.938215,50.089764
425,/samorzad2024/pl/obkw/1268186?elections=wbp&region=1,19.938219,50.082956
426,/samorzad2024/pl/obkw/1268187?elections=wbp&region=1,19.93507712145106,50.0928431330681
427,/samorzad2024/pl/obkw/1268188?elections=wbp&region=1,19.939894452663083,50.084350798318326
428,/samorzad2024/pl/obkw/1268189?elections=wbp&region=1,19.9341306,50.0759573
429,/samorzad2024/pl/obkw/1268190?elections=wbp&region=1,19.913147967268316,50.07191050335388
430,/samorzad2024/pl/obkw/1268191?elections=wbp&region=1,19.9137025139824,50.05753411448447
431,/samorzad2024/pl/obkw/1268192?elections=wbp&region=1,19.865980148253016,50.063700932107736
432,/samorzad2024/pl/obkw/1268193?elections=wbp&region=1,19.912481689784897,50.047574024669615
433,/samorzad2024/pl/obkw/1268194?elections=wbp&region=1,19.920433685146463,50.04562925549487
434,/samorzad2024/pl/obkw/1268195?elections=wbp&region=1,19.8415302205093,50.01003847923596
435,/samorzad2024/pl/obkw/1268196?elections=wbp&region=1,19.881857149247935,50.006556008014144
436,/samorzad2024/pl/obkw/1268197?elections=wbp&region=1,19.888321,50.006466
437,/samorzad2024/pl/obkw/1268198?elections=wbp&region=1,19.975321,50.010832
438,/samorzad2024/pl/obkw/1268199?elections=wbp&region=1,20.006443494933876,50.00968815759276
439,/samorzad2024/pl/obkw/1268200?elections=wbp&region=1,20.00076299533282,50.00935074408042
440,/samorzad2024/pl/obkw/1268201?elections=wbp&region=1,20.00076299533282,50.00935074408042
441,/samorzad2024/pl/obkw/1268202?elections=wbp&region=1,20.00076299533282,50.00935074408042
442,/samorzad2024/pl/obkw/1268203?elections=wbp&region=1,19.986392054700474,50.03514663783608
443,/samorzad2024/pl/obkw/1268204?elections=wbp&region=1,19.992305068295593,50.03888748122327
444,/samorzad2024/pl/obkw/1268205?elections=wbp&region=1,19.9931576754866,50.03891296220894
445,/samorzad2024/pl/obkw/1268206?elections=wbp&region=1,20.014977948747088,50.06523813124059
446,/samorzad2024/pl/obkw/1268207?elections=wbp&region=1,20.0205769,50.0927696
447,/samorzad2024/pl/obkw/1268208?elections=wbp&region=1,20.0205769,50.0927696
448,/samorzad2024/pl/obkw/1268209?elections=wbp&region=1,20.025352146488302,50.09119705301299
449,/samorzad2024/pl/obkw/1268210?elections=wbp&region=1,20.13450313365763,50.09177397940857
450,/samorzad2024/pl/obkw/1268211?elections=wbp&region=1,20.04556133413945,50.081041455306604
451,/samorzad2024/pl/obkw/1268212?elections=wbp&region=1,20.048653585858943,50.077080293594435
452,/samorzad2024/pl/obkw/1268213?elections=wbp&region=1,20.06838819015229,50.0811415352305
453,/samorzad2024/pl/obkw/1268214?elections=wbp&region=1,20.046155,50.066031
454,/samorzad2024/pl/obkw/1268215?elections=wbp&region=1,20.151701876964268,50.073780128766685
